Method,Rule,Committee_Index,Committee_Size,Selected_Candidates,dataset,Model,p,phi,p_disapprove,num_voters,num_candidates
Traditional,PAV,1,10,"[0, 1, 2, 3, 5, 8, 13, 14, 16, 19]",resampling_p0.1_phi0.75,Resampling,0.1,0.75,0.1,100,20
Traditional,SeqPhragmen,1,10,"[0, 1, 2, 3, 5, 8, 13, 14, 16, 19]",resampling_p0.1_phi0.75,Resampling,0.1,0.75,0.1,100,20
Traditional,MES,1,10,"[0, 1, 2, 3, 5, 8, 13, 14, 16, 19]",resampling_p0.1_phi0.75,Resampling,0.1,0.75,0.1,100,20
Traditional,AV,1,10,"[0, 1, 2, 3, 5, 11, 13, 14, 16, 19]",resampling_p0.1_phi0.75,Resampling,0.1,0.75,0.1,100,20
Traditional,AV,2,10,"[0, 1, 2, 3, 5, 13, 14, 16, 17, 19]",resampling_p0.1_phi0.75,Resampling,0.1,0.75,0.1,100,20
Traditional,AV,3,10,"[0, 1, 2, 3, 5, 6, 13, 14, 16, 19]",resampling_p0.1_phi0.75,Resampling,0.1,0.75,0.1,100,20
Traditional,AV,4,10,"[0, 1, 2, 3, 5, 8, 13, 14, 16, 19]",resampling_p0.1_phi0.75,Resampling,0.1,0.75,0.1,100,20
Tax,TaxPhragmen,1,2,"[0, 1]",resampling_p0.1_phi0.75,Resampling,0.1,0.75,0.1,100,20
Tax,TaxMES,1,2,"[0, 1]",resampling_p0.1_phi0.75,Resampling,0.1,0.75,0.1,100,20
